X,Y,Z,A,C,V,name,
-1005.06,-462.577,-0.578513,1.22473,0,0,
-1130.67,-489.406,0,-0.330504,0,0,destination_1,